{
  "name": "doctor-react",
  "version": "0.1.0",
  "private": true,
  "homepage": "./",
  "dependencies": {
    "bootstrap": "^4.3.1",
    "react": "^16.8.6",
    "react-bootstrap": "^1.0.0-beta.9",
    "react-dom": "^16.8.6",
    "react-scripts": "3.0.1",
    "uuid": "^3.3.2"
  },
  "scripts": {
    "start": "react-scripts start",
    "build": "react-scripts build",
    "test": "react-scripts test",
    "eject": "react-scripts eject",
    "electron-dev": "ELECTRON_DISABLE_SECURITY_WARNINGS=true ELECTRON_START_URL=http://localhost:3000/ electron .",
    "dev": "concurrently -k \"npm start\" \"wait-on http://localhost:3000 && npm run electron-dev\"",
    "prod-win": "electron-packager . doctor-react --platform=win32 --arch=x64",
    "prod-mac": "electron-packager . doctor-react --platform=darwin --arch=x64"
  },
  "eslintConfig": {
    "extends": "react-app"
  },
  "browserslist": {
    "production": [">0.2%", "not dead", "not op_mini all"],
    "development": [
      "last 1 chrome version",
      "last 1 firefox version",
      "last 1 safari version"
    ]
  },
  "devDependencies": {
    "concurrently": "^4.1.0",
    "electron": "^5.0.4",
    "electron-packager": "^13.1.1",
    "wait-on": "^3.2.0"
  }
}
